Source File	Size	loadResources	load	generateSnapshots	load-configure	scan	loadDepInfo	loadInfo	checkR4R4B	generateNarratives	validate	loadLists	checkConformanceResources	checkConformanceResources2	checkConformanceResources3	generateLogicalMaps	validateExpressions	scanForUsageStats	checkURLsUnique	processProvenanceDetails	generate1	generate2	responsesForQuestionnaire	generateLogicals	makeDependencies	generateExampleZip	generateValidationPack	scanProfilesForR5	scanExamplesForR5
/fsh-generated/resources/ImplementationGuide-hl7.fhir.cl.minsal.tei.json	33004	-	0	0	0	0	0	0	11	51	0	0	0	0	0	0	0	1	0	0	170	187	0	0	0	0	6	0	1
fsh-generated/resources/CodeSystem-CSConsecuenciaAtencionCodigo.json	1136	2	0	0	2	0	1	0	1	5	0	0	0	0	0	0	0	0	0	0	76	67	0	0	0	0	1	0	0
fsh-generated/resources/CodeSystem-CSDerivadoParaCodigo.json	1322	0	0	0	0	0	0	0	0	2	0	0	0	0	0	0	0	0	0	0	18	48	0	0	0	0	0	0	0
fsh-generated/resources/CodeSystem-CSDestinoReferenciaCodigo.json	1393	1	0	0	0	0	0	0	0	2	0	0	0	0	0	0	0	0	0	0	12	51	0	0	0	0	1	0	0
fsh-generated/resources/CodeSystem-CSEspecialidadBioqca.json	1210	5	0	0	0	0	0	0	0	3	0	0	0	0	0	0	0	0	0	0	11	35	0	0	0	0	0	0	0
fsh-generated/resources/CodeSystem-CSEspecialidadFarma.json	1451	1	0	0	0	0	0	0	0	2	0	0	0	0	0	0	0	0	0	0	12	42	0	0	0	0	0	0	0
fsh-generated/resources/CodeSystem-CSEspecialidadMed.json	10205	2	0	0	0	0	0	0	2	8	0	0	0	0	0	0	0	0	0	0	50	97	0	0	0	0	2	0	0
fsh-generated/resources/CodeSystem-CSEspecialidadOdont.json	2855	1	0	0	0	0	0	0	0	3	0	0	0	0	0	0	0	0	0	0	19	39	0	0	0	0	1	0	0
fsh-generated/resources/CodeSystem-CSEstablecimientoDestino.json	1427	0	0	0	0	0	0	0	0	1	0	0	0	0	0	0	0	0	0	0	12	29	0	0	0	0	0	0	0
fsh-generated/resources/CodeSystem-CSEstadoCivil.json	1508	1	0	0	0	0	0	0	0	1	0	0	0	0	0	0	0	0	0	0	13	23	0	0	0	0	0	0	0
fsh-generated/resources/CodeSystem-CSEstadoInterconsulta.json	1671	1	0	0	0	0	0	0	1	2	0	0	0	0	0	0	0	0	0	0	16	19	0	0	0	0	1	0	0
fsh-generated/resources/CodeSystem-CSIndicecomorbilidad.json	1494	0	0	0	1	0	0	0	0	1	0	0	0	0	0	0	0	0	0	0	12	18	0	0	0	0	0	0	0
fsh-generated/resources/CodeSystem-CSMediodeContacto.json	1411	1	0	0	0	0	0	0	0	43	0	0	0	0	0	0	0	0	0	0	10	21	0	0	0	0	0	0	0
fsh-generated/resources/CodeSystem-CSModalidadAtencionCodigo.json	1131	1	0	0	0	0	0	0	0	2	0	0	0	0	0	0	0	0	0	0	11	21	0	0	0	0	0	0	0
fsh-generated/resources/CodeSystem-CSMotivoCierreInterconsulta.json	3321	0	0	0	0	0	0	0	1	2	0	0	0	0	0	0	0	0	0	0	19	268	0	0	0	0	1	0	0
fsh-generated/resources/CodeSystem-CSMotivoNoContactabilidad.json	1299	2	0	0	0	0	0	0	0	1	0	0	0	0	0	0	0	0	0	0	11	18	0	0	0	0	0	0	0
fsh-generated/resources/CodeSystem-CSMotivoNoPertinenciaCodigo.json	1225	0	0	0	0	0	0	0	0	1	0	0	0	0	0	0	0	0	0	0	9	16	0	0	0	0	0	0	0
fsh-generated/resources/CodeSystem-CSPertinenciaInterconsulta.json	1166	1	0	0	0	0	0	0	0	1	0	0	0	0	0	0	0	0	0	0	9	21	0	0	0	0	3	0	0
fsh-generated/resources/CodeSystem-CSPractitionerTipoRolLE.json	1670	1	0	0	0	0	0	0	0	2	0	0	0	0	0	0	0	1	0	0	12	23	0	0	0	0	0	0	0
fsh-generated/resources/CodeSystem-CSReligion.json	1784	1	0	0	0	0	0	0	0	1	0	0	0	0	0	0	0	0	0	0	13	20	0	0	0	0	0	0	0
fsh-generated/resources/CodeSystem-CSTipoConsulta.json	966	0	0	0	0	0	0	0	1	1	0	0	0	0	0	0	0	0	0	0	7	15	0	0	0	0	1	0	0
fsh-generated/resources/CodeSystem-CSTipoEventoLE.json	1553	1	0	0	0	0	0	0	0	1	0	0	0	0	0	0	0	0	0	0	12	18	0	0	0	0	0	0	0
fsh-generated/resources/CodeSystem-CSTipoObservacionMinsal.json	1071	1	0	0	0	0	0	0	0	1	0	0	0	0	0	0	0	0	0	0	10	18	0	0	0	0	0	0	0
fsh-generated/resources/CodeSystem-CSTituloProfesional.json	4486	1	0	0	0	0	0	0	0	2	0	0	0	0	0	0	0	0	0	0	24	25	0	0	0	0	1	0	0
fsh-generated/resources/CodeSystem-CSorigenInterconsulta.json	1097	0	0	0	0	0	0	0	0	1	0	0	0	0	0	0	0	0	0	0	11	43	0	0	0	0	0	0	0
fsh-generated/resources/CodeSystem-PueblosOriginariosCS.json	1670	1	0	0	1	0	0	0	1	1	0	0	0	0	0	0	0	0	0	0	13	29	0	0	0	0	0	0	0
fsh-generated/resources/CodeSystem-cs-problema-ges-tei.json	16694	2	0	0	0	0	0	0	1	5	0	0	0	0	0	0	0	0	0	0	74	42	0	0	0	0	3	0	0
fsh-generated/resources/Questionnaire-MotivoDerivacion.json	572	0	0	0	0	0	0	0	0	61	0	0	0	0	0	0	0	0	0	0	25	14	0	0	0	0	0	0	0
fsh-generated/resources/StructureDefinition-AllergyIntoleranceIniciarLE.json	3767	2	0	74	0	0	0	0	0	33	0	0	0	0	0	0	0	1	0	0	247	1219	0	0	1	0	8	0	1
fsh-generated/resources/StructureDefinition-AppointmentAgendarLE.json	10669	3	0	43	0	0	0	0	0	39	0	0	1	0	0	0	0	0	0	0	487	443	0	0	0	0	22	0	0
fsh-generated/resources/StructureDefinition-BundleAgendarLE.json	8756	2	0	187	0	0	0	0	0	51	0	0	0	0	0	0	0	2	0	0	908	1354	0	0	0	0	17	0	2
fsh-generated/resources/StructureDefinition-BundleAtenderLE.json	14284	2	0	230	0	0	0	0	0	44	0	0	1	0	0	0	0	3	0	0	1430	1149	0	0	0	0	34	1	2
fsh-generated/resources/StructureDefinition-BundleIniciarLE.json	16486	3	0	165	0	0	0	0	0	66	0	0	0	0	0	0	0	3	0	0	1645	963	0	0	0	0	42	0	2
fsh-generated/resources/StructureDefinition-BundlePriorizarLE.json	6733	2	0	54	0	0	0	0	0	22	0	0	0	0	0	0	0	2	0	0	632	452	0	0	0	0	13	0	1
fsh-generated/resources/StructureDefinition-BundleReferenciarLE.json	14755	2	0	79	0	0	0	0	0	50	0	0	1	0	0	0	0	3	0	0	1420	607	0	0	0	0	31	1	3
fsh-generated/resources/StructureDefinition-BundleRevisarLE.json	7619	2	0	38	0	0	0	0	0	25	0	0	0	0	0	0	0	2	0	0	710	493	0	0	0	0	15	0	0
fsh-generated/resources/StructureDefinition-BundleTerminarLE.json	6938	2	0	31	0	0	0	0	0	27	0	0	0	0	0	0	0	2	0	0	632	412	0	0	0	0	13	0	1
fsh-generated/resources/StructureDefinition-CarePlanAtenderLE.json	5254	1	0	19	0	0	0	0	0	26	0	0	1	0	0	0	0	1	0	0	409	279	0	0	1	0	8	0	1
fsh-generated/resources/StructureDefinition-ConditionDiagnosticoLE.json	9119	2	0	15	0	0	0	0	0	24	0	0	0	0	0	0	0	0	0	0	431	2872	0	0	0	0	11	1	0
fsh-generated/resources/StructureDefinition-Contactado.json	4043	1	0	5	0	0	0	0	1	17	0	0	0	0	0	0	0	1	0	0	163	187	0	0	0	0	3	0	0
fsh-generated/resources/StructureDefinition-EncounterAtenderLE.json	6952	4	0	17	0	0	0	0	0	13	0	0	0	0	0	0	0	0	0	0	348	394	0	0	0	0	6	0	1
fsh-generated/resources/StructureDefinition-EncounterIniciarLE.json	5165	1	0	13	0	0	0	0	0	15	0	0	0	0	0	0	0	1	0	0	357	429	0	0	0	0	7	0	0
fsh-generated/resources/StructureDefinition-ExtensionBoolAtencionPreferente.json	1390	1	0	3	0	0	0	0	0	4	0	0	0	0	0	0	0	0	0	0	43	114	0	0	0	0	1	0	0
fsh-generated/resources/StructureDefinition-ExtensionBoolRequiereExamen.json	1324	1	0	2	1	0	0	0	0	2	0	0	0	0	0	0	0	1	0	0	42	88	0	0	0	0	1	0	0
fsh-generated/resources/StructureDefinition-ExtensionBoolResolutividadAPS.json	1340	0	0	1	0	0	0	0	0	3	0	0	0	0	0	0	0	0	0	0	41	123	0	0	0	0	0	0	0
fsh-generated/resources/StructureDefinition-ExtensionConsecuenciaAtencionCodigo.json	2267	1	0	4	0	0	0	0	0	9	0	0	0	0	0	0	0	0	0	0	89	117	0	0	0	0	2	0	0
fsh-generated/resources/StructureDefinition-ExtensionEspecialidadMedicaDestinoCodigo.json	2343	1	0	3	0	0	0	0	0	5	0	0	0	0	0	0	0	0	0	0	91	104	0	0	0	0	3	0	0
fsh-generated/resources/StructureDefinition-ExtensionEstadoInterconsultaCodigoLE.json	2258	0	0	3	0	0	0	0	0	5	0	0	0	0	0	0	0	0	0	0	88	90	0	0	0	0	2	0	0
fsh-generated/resources/StructureDefinition-ExtensionMediodeContacto.json	2198	1	0	3	0	0	0	0	0	4	0	0	0	0	0	0	0	0	0	0	88	122	0	0	0	0	2	0	1
fsh-generated/resources/StructureDefinition-ExtensionMotivoCierreInterconsulta.json	2385	1	0	4	0	0	0	0	0	8	0	0	0	0	0	0	0	0	0	0	109	92	0	0	0	0	1	0	0
fsh-generated/resources/StructureDefinition-ExtensionMotivoNoPertinencia.json	1398	0	0	1	0	0	0	0	0	3	0	0	0	0	0	0	0	0	0	0	59	67	0	0	0	0	1	0	0
fsh-generated/resources/StructureDefinition-ExtensionOrigenInterconsulta.json	2326	1	0	3	0	0	0	0	0	5	0	0	0	0	0	0	0	0	0	0	106	80	0	0	0	0	1	0	0
fsh-generated/resources/StructureDefinition-ExtensionPertinenciaAtencionBox.json	1371	0	0	1	0	0	0	0	0	3	0	0	0	0	0	0	0	1	0	0	43	73	0	0	0	0	1	0	0
fsh-generated/resources/StructureDefinition-ExtensionPertinenciaInterconsulta.json	4041	1	0	4	0	0	0	0	0	12	0	0	0	0	0	0	0	0	0	0	152	115	0	0	0	0	3	1	0
fsh-generated/resources/StructureDefinition-ExtensionSolicitudExamenes.json	1453	1	0	2	0	0	0	0	0	3	0	0	0	0	0	0	0	0	1	0	46	93	0	0	0	0	1	0	0
fsh-generated/resources/StructureDefinition-ExtensionStringFundamentoPriorizacion.json	1477	0	0	2	0	0	0	0	0	3	0	0	0	0	0	0	0	0	0	0	40	113	0	0	0	0	0	0	0
fsh-generated/resources/StructureDefinition-ExtensionSubEspecialidadMedicaDestinoCodigo.json	2417	1	0	3	0	0	0	0	0	4	0	0	0	0	0	0	0	0	0	0	92	121	0	0	0	0	2	0	0
fsh-generated/resources/StructureDefinition-MedicationRequestLE.json	3813	1	0	8	0	0	0	0	0	9	0	0	0	0	0	0	0	1	0	0	284	184	0	0	0	0	4	0	0
fsh-generated/resources/StructureDefinition-Mencion.json	1437	1	0	3	0	0	0	0	0	11	0	0	0	0	0	0	0	0	0	0	53	55	0	0	0	0	1	0	0
fsh-generated/resources/StructureDefinition-MessageHeaderLE.json	5468	1	0	7	0	0	0	0	0	10	0	0	0	0	0	0	0	0	0	0	236	143	0	0	0	0	4	0	1
fsh-generated/resources/StructureDefinition-ObservationAnamnesisLE.json	4245	1	0	8	0	0	0	0	0	11	0	0	1	0	0	0	0	1	0	0	280	1399	0	0	0	0	6	0	0
fsh-generated/resources/StructureDefinition-ObservationDiscapacidadLE.json	3470	1	0	19	0	0	0	0	0	15	0	0	0	0	0	0	0	0	0	0	251	170	0	0	0	0	6	0	0
fsh-generated/resources/StructureDefinition-ObservationIndiceComorbilidadLE.json	7070	1	0	11	0	0	0	0	0	13	0	0	0	0	0	0	0	1	0	0	387	264	0	0	0	0	7	0	1
fsh-generated/resources/StructureDefinition-ObservationIniciarCuidadorLE.json	3524	1	0	8	0	0	0	0	0	10	0	0	0	0	0	0	0	1	0	0	258	184	0	0	0	0	5	1	0
fsh-generated/resources/StructureDefinition-ObservationResultadoExamen.json	4895	1	0	9	0	0	0	0	0	12	0	0	0	0	0	0	0	0	0	0	314	1282	0	0	0	0	7	0	1
fsh-generated/resources/StructureDefinition-OrganizationLE.json	2238	1	0	7	0	0	0	0	0	6	0	0	0	0	0	0	0	1	0	0	188	142	0	0	0	0	3	0	0
fsh-generated/resources/StructureDefinition-PaisOrigenMPI.json	2125	0	0	2	0	0	0	0	0	6	0	0	0	0	0	0	0	0	0	0	85	78	0	0	0	0	2	0	0
fsh-generated/resources/StructureDefinition-PatientLE.json	7833	2	0	20	0	0	0	0	0	26	0	0	0	0	0	0	0	1	0	0	532	505	0	0	0	0	13	0	1
fsh-generated/resources/StructureDefinition-PractitionerAdministrativoLE.json	7092	1	0	30	0	0	0	0	0	63	0	0	0	0	0	0	0	2	0	0	880	320	0	0	0	0	14	1	1
fsh-generated/resources/StructureDefinition-PractitionerProfesionalLE.json	23489	4	0	91	0	0	0	0	0	56	0	0	1	0	0	0	0	3	0	0	1683	545	0	0	0	0	24	0	3
fsh-generated/resources/StructureDefinition-PractitionerRoleLE.json	3270	1	0	9	1	0	0	0	0	10	0	0	0	0	0	0	0	1	0	0	569	141	0	0	0	0	4	0	0
fsh-generated/resources/StructureDefinition-PueblosAfrodescendiente.json	1476	1	0	2	0	0	0	0	0	3	0	0	0	0	0	0	0	0	0	0	70	52	0	0	0	0	1	0	0
fsh-generated/resources/StructureDefinition-PueblosOriginarios.json	2532	1	0	2	0	0	0	0	0	5	0	0	0	0	0	0	0	0	0	0	132	65	0	0	0	0	3	0	1
fsh-generated/resources/StructureDefinition-PueblosOriginariosPerteneciente.json	1425	1	0	2	0	0	0	0	0	3	0	0	0	0	0	0	0	0	0	0	52	51	0	0	0	0	0	0	0
fsh-generated/resources/StructureDefinition-QuestionnaireResponseIniciarLE.json	3088	1	0	4	0	0	0	0	0	11	0	0	0	0	0	0	0	0	0	0	175	104	0	0	0	0	3	1	0
fsh-generated/resources/StructureDefinition-Religion.json	2194	1	0	4	0	0	0	0	0	5	0	0	0	0	0	0	0	0	0	0	92	71	0	0	0	0	4	0	0
fsh-generated/resources/StructureDefinition-ServiceRequestExamenLE.json	6393	1	0	9	0	0	0	0	0	17	0	0	0	0	0	0	0	1	0	0	432	180	0	0	0	0	6	0	0
fsh-generated/resources/StructureDefinition-ServiceRequestLE.json	19616	3	0	14	0	0	0	0	1	21	0	0	1	0	0	0	0	1	0	0	763	277	0	0	0	0	11	0	1
fsh-generated/resources/StructureDefinition-SituacionCalle.json	1269	1	0	2	0	0	0	0	0	3	0	0	0	0	0	0	0	0	0	0	45	59	0	0	0	0	1	0	0
fsh-generated/resources/StructureDefinition-SospechaPatologiaGes.json	1302	1	0	2	0	0	0	0	0	3	0	0	0	0	0	0	0	0	0	0	43	55	0	0	0	0	0	0	0
fsh-generated/resources/ValueSet-CodigoExamen.json	1166	1	0	0	0	0	0	0	0	62	0	0	0	0	0	0	0	0	0	0	12	99	0	0	0	0	7	0	0
fsh-generated/resources/ValueSet-PueblosOriginariosVS.json	485	0	0	0	0	0	0	0	0	2	0	0	0	0	0	0	0	0	0	0	16	21	0	0	0	0	0	0	0
fsh-generated/resources/ValueSet-TipoDeObservacion.json	2794	1	0	0	0	0	0	0	0	1815	0	0	0	0	0	0	0	0	0	0	19	29	0	0	0	0	1	0	0
fsh-generated/resources/ValueSet-VSConsecuenciaAtencionCodigo.json	921	0	0	0	0	0	0	0	0	2	0	0	0	0	0	0	0	0	0	0	8	16	0	0	0	0	0	0	0
fsh-generated/resources/ValueSet-VSDerivadoParaCodigo.json	857	0	0	0	0	0	0	0	0	2	0	0	0	0	0	0	0	0	0	0	10	21	0	0	0	0	0	0	0
fsh-generated/resources/ValueSet-VSDestinoReferenciaCodigo.json	901	1	0	0	0	0	0	0	0	2	0	0	0	0	0	0	0	0	0	0	10	19	0	0	0	0	0	0	0
fsh-generated/resources/ValueSet-VSEspecialidadBioqca.json	925	0	0	0	0	0	0	0	0	1	0	0	0	0	0	0	0	0	0	0	8	17	0	0	0	0	0	0	0
fsh-generated/resources/ValueSet-VSEspecialidadFarma.json	937	1	0	0	0	0	0	0	0	5	0	0	0	0	0	0	0	0	0	0	7	17	0	0	1	0	1	0	0
fsh-generated/resources/ValueSet-VSEspecialidadMed.json	849	0	0	0	0	0	0	0	0	1	0	0	0	0	0	0	0	0	0	0	7	21	0	0	0	0	0	0	0
fsh-generated/resources/ValueSet-VSEspecialidadOdont.json	885	0	0	0	0	0	0	0	0	1	0	0	0	0	0	0	0	0	0	0	7	18	0	0	0	0	0	0	0
fsh-generated/resources/ValueSet-VSEstablecimientoDestino.json	1058	1	0	0	0	0	0	0	0	1	0	0	0	0	0	0	0	0	0	0	8	17	0	0	0	0	1	0	0
fsh-generated/resources/ValueSet-VSEstadoCivil.json	825	0	0	0	0	0	0	0	0	1	0	0	0	0	0	0	0	0	0	0	8	17	0	0	0	0	0	0	0
fsh-generated/resources/ValueSet-VSEstadoInterconsulta.json	875	1	0	0	0	0	0	0	0	1	0	0	0	0	0	0	0	0	0	0	7	16	0	0	0	0	0	0	0
fsh-generated/resources/ValueSet-VSIdentificadorPrestador.json	1260	0	0	0	0	0	0	0	1	2	0	0	0	0	0	0	0	0	0	0	9	17	0	0	0	0	0	0	0
fsh-generated/resources/ValueSet-VSIndicecomorbilidad.json	869	1	0	0	0	0	0	0	0	1	0	0	0	0	0	0	0	0	0	0	8	16	0	0	0	0	0	0	0
fsh-generated/resources/ValueSet-VSMediodeContacto.json	857	0	0	0	0	0	0	0	0	1	0	0	0	0	0	0	0	0	0	0	8	16	0	0	0	0	0	0	0
fsh-generated/resources/ValueSet-VSModalidadAtencionCodigo.json	901	1	0	0	0	0	0	0	0	0	0	0	0	0	0	0	0	0	0	0	8	15	0	0	0	0	1	0	0
fsh-generated/resources/ValueSet-VSMotivoCierreInterconsulta.json	913	0	0	0	0	0	0	0	0	1	0	0	0	0	0	0	0	0	0	0	8	16	0	0	0	0	0	0	0
fsh-generated/resources/ValueSet-VSMotivoNoContactabilidad.json	901	1	0	0	0	0	0	0	0	1	0	0	0	0	0	0	0	0	0	0	7	16	0	0	0	0	0	0	0
fsh-generated/resources/ValueSet-VSMotivoNoPertinenciaCodigo.json	915	0	0	0	0	0	0	0	0	1	0	0	0	0	0	0	0	0	0	0	6	17	0	0	0	0	0	0	0
fsh-generated/resources/ValueSet-VSPertinenciaInterconsulta.json	905	1	0	0	0	0	0	0	0	1	0	0	0	0	0	0	0	0	0	0	7	16	0	0	0	0	0	0	0
fsh-generated/resources/ValueSet-VSPractitionerTipoRolLE.json	940	1	0	0	0	0	0	0	0	1	0	0	0	0	0	0	0	0	0	0	7	20	0	0	0	0	1	0	0
fsh-generated/resources/ValueSet-VSReligion.json	807	0	0	0	0	0	0	0	0	1	0	0	0	0	0	0	0	0	0	0	6	16	0	0	0	0	0	0	0
fsh-generated/resources/ValueSet-VSServicioRequerido.json	2092	0	0	0	0	0	0	0	0	592	0	0	0	0	0	0	0	0	0	0	11	614	0	0	0	0	0	0	0
fsh-generated/resources/ValueSet-VSTerminologiasDiag.json	2143	1	0	0	0	0	0	0	0	588	0	0	0	0	0	0	0	0	0	0	13	55	0	0	0	0	5	0	0
fsh-generated/resources/ValueSet-VSTipoConsulta.json	833	0	0	0	0	0	0	0	0	2	0	0	0	0	0	0	0	0	0	0	7	17	0	0	0	0	1	0	0
fsh-generated/resources/ValueSet-VSTipoEventoLE.json	855	1	0	0	0	0	0	0	0	1	0	0	0	0	0	0	0	0	0	0	7	22	0	0	0	0	0	0	0
fsh-generated/resources/ValueSet-VSTituloProfesional.json	861	0	0	0	0	0	0	0	0	1	0	0	0	0	0	0	0	0	0	0	7	18	0	0	0	0	0	0	0
fsh-generated/resources/ValueSet-VSorigenInterconsulta.json	875	1	0	0	0	0	0	0	1	1	0	0	0	0	0	0	0	0	0	0	8	16	0	0	0	0	1	0	0
fsh-generated/resources/ValueSet-VsEspecialidadDest.json	1021	0	0	0	0	0	0	0	0	2	0	0	0	0	0	0	0	0	0	0	9	22	0	0	0	0	0	0	0
fsh-generated/resources/ValueSet-vs-problema-ges-tei.json	943	0	0	0	1	0	0	0	0	1	0	0	0	0	0	0	0	1	0	0	9	21	0	0	0	0	1	0	0
/fsh-generated/includes/fsh-link-references.md	7451	-	-	-	0	0	0	0	0	0	0	0	0	0	0	0	0	0	0	0	0	1	0	0	0	0	0	0	0
/fsh-generated/includes/menu.xml	2296	-	-	-	0	0	0	0	0	0	0	0	0	0	0	0	0	0	0	0	0	0	0	0	0	0	0	0	0
/input/data/svc-prototyping.txt	3197	-	-	-	0	0	0	0	0	0	0	0	0	0	0	0	0	0	0	0	0	0	0	0	0	0	0	0	0
/input/data/features.yml	930	-	-	-	0	0	0	0	0	0	0	0	0	0	0	0	0	0	0	0	0	0	0	0	0	0	0	0	0
/input/pagecontent/eventos_interoperabilidad_CNE.md	3933	-	-	-	0	0	0	0	0	0	0	0	0	0	0	0	0	0	0	0	0	0	0	0	0	0	0	0	0
/input/pagecontent/StructureDefinition-BundleReferenciarLE-intro.md	242	-	-	-	0	0	0	0	0	0	0	0	0	0	0	0	0	0	0	0	0	1	0	0	0	0	0	0	0
/input/pagecontent/CasosDeUso.md	1307	-	-	-	0	0	0	0	0	0	0	0	0	0	0	0	0	0	0	0	0	0	0	0	0	0	0	0	0
/input/pagecontent/StructureDefinition-BundleAgendarLE-intro.md	349	-	-	-	0	0	0	0	0	0	0	0	0	0	0	0	0	0	0	0	0	0	0	0	0	0	0	0	0
/input/pagecontent/StructureDefinition-BundleRevisarLE-intro.md	413	-	-	-	0	0	0	0	0	0	0	0	0	0	0	0	0	0	0	0	0	0	0	0	0	0	0	0	0
/input/pagecontent/Eventos.md	5526	-	-	-	0	0	0	0	0	0	0	0	0	0	0	0	0	0	0	0	0	0	0	0	0	0	0	0	0
/input/pagecontent/historias_de_usuario_segun_rol.md	7911	-	-	-	0	0	0	0	0	0	0	0	0	0	0	0	0	0	0	0	0	1	0	0	0	0	0	0	0
/input/pagecontent/Mensajeria.md	8374	-	-	-	0	0	0	0	0	0	0	0	0	0	0	0	0	0	0	0	0	0	0	0	0	0	0	0	0
/input/pagecontent/historial_de_cambios.md	26472	-	-	-	0	0	0	0	0	0	0	0	0	0	0	0	0	0	0	0	0	1	0	0	0	0	0	0	0
/input/pagecontent/workflow.md	170	-	-	-	0	0	0	0	0	0	0	0	0	0	0	0	0	0	0	0	0	0	0	0	0	0	0	0	0
/input/pagecontent/artifacts.md	1102	-	-	-	0	0	0	0	0	0	0	0	0	0	0	0	0	0	0	0	0	0	0	0	0	0	0	0	0
/input/pagecontent/Terminologias.md	0	-	-	-	0	0	0	0	0	0	0	0	0	0	0	0	0	0	0	0	0	0	0	0	0	0	0	0	0
/input/pagecontent/rol_de_actores.md	5109	-	-	-	0	0	0	0	0	0	0	0	0	0	0	0	0	0	0	0	0	1	0	0	0	0	0	0	0
/input/pagecontent/Alcance.md	366	-	-	-	0	0	0	0	0	0	0	0	0	0	0	0	0	0	0	0	0	0	0	0	0	0	0	0	0
/input/pagecontent/Transacciones.md	14048	-	-	-	0	0	0	0	0	0	0	0	0	0	0	0	0	0	0	0	0	1	0	0	0	0	0	0	0
/input/pagecontent/index.md	5494	-	-	-	0	0	0	0	0	0	0	0	0	0	0	0	0	0	0	0	0	0	0	0	0	0	0	0	0
/input/pagecontent/Objetivos.md	435	-	-	-	0	0	0	0	0	0	0	0	0	0	0	0	0	0	0	0	0	0	0	0	0	0	0	0	0
/input/pagecontent/StructureDefinition-BundleIniciarLE-intro.md	241	-	-	-	0	0	0	0	0	0	0	0	0	0	0	0	0	0	0	0	0	0	0	0	0	0	0	0	0
/input/pagecontent/StructureDefinition-BundleAtenderLE-intro.md	345	-	-	-	0	0	0	0	0	0	0	0	0	0	0	0	0	0	0	0	0	0	0	0	0	0	0	0	0
/input/pagecontent/StructureDefinition-BundlePriorizarLE-intro.md	237	-	-	-	0	0	0	0	0	0	0	0	0	0	0	0	0	0	0	0	0	0	0	0	0	0	0	0	0
/input/pagecontent/StructureDefinition-BundleTerminarLE-intro.md	235	-	-	-	0	0	0	0	0	0	0	0	0	0	0	0	0	0	0	0	0	1	0	0	0	0	0	0	0
/template/config	0	-	-	-	0	0	0	0	0	0	0	0	0	0	0	0	0	0	0	0	0	0	0	0	0	0	0	0	0
/template/config/_config.yml	140	-	-	-	0	0	0	0	0	0	0	0	0	0	0	0	0	0	0	0	0	0	0	0	0	0	0	0	0
/input/images	0	-	-	-	0	0	0	0	0	0	0	0	0	0	0	0	0	0	0	0	0	0	0	0	0	0	0	0	0
/input/images/priorizar-recursos.png	51562	-	-	-	0	0	0	0	0	0	0	0	0	0	0	0	0	0	0	0	0	0	0	0	0	0	0	0	0
/input/images/agendar-recursos.png	58068	-	-	-	0	0	0	0	0	0	0	0	0	0	0	0	0	0	0	0	0	0	0	0	0	0	0	0	0
/input/images/mensaje-respuesta.png	97185	-	-	-	0	0	0	0	0	0	0	0	0	0	0	0	0	0	0	0	0	0	0	0	0	0	0	0	0
/input/images/terminar-recursos.png	52380	-	-	-	0	0	0	0	0	0	0	0	0	0	0	0	0	0	0	0	0	0	0	0	0	0	0	0	0
/input/images/inicio-evento.png	125176	-	-	-	0	0	0	0	0	0	0	0	0	0	0	0	0	0	0	0	0	0	0	0	0	0	0	0	0
/input/images/atender-evento.png	104567	-	-	-	0	0	0	0	0	0	0	0	0	0	0	0	0	0	0	0	0	1	0	0	0	0	0	0	0
/input/images/terminar-evento.png	64133	-	-	-	0	0	0	0	0	0	0	0	0	0	0	0	0	0	0	0	1	0	0	0	0	0	0	0	0
/input/images/revisar-recursos.png	51232	-	-	-	0	0	0	0	0	0	0	0	0	0	0	0	0	0	0	0	0	0	0	0	0	0	0	0	0
/input/images/Index-eventos.png	97819	-	-	-	0	0	0	0	0	0	0	0	0	0	0	0	0	0	0	0	0	0	0	0	0	0	0	0	0
/input/images/inicio-recursos.png	127335	-	-	-	0	0	0	0	0	0	0	0	0	0	0	0	0	0	0	0	0	0	0	0	0	0	0	0	0
/input/images/agendar-evento.png	72809	-	-	-	0	0	0	0	0	0	0	0	0	0	0	0	0	0	0	0	0	1	0	0	0	0	0	0	0
/input/images/referenciada-evento.png	76678	-	-	-	0	0	0	0	0	0	0	0	0	0	0	0	0	0	0	0	0	0	0	0	0	0	0	0	0
/input/images/pageContent-Objetivos.png	102400	-	-	-	0	0	0	0	0	0	0	0	0	0	0	0	0	0	0	0	0	0	0	0	0	0	0	0	0
/input/images/revisar-evento.png	66108	-	-	-	0	0	0	0	0	0	0	0	0	0	0	0	0	0	0	0	0	0	0	0	0	0	0	0	0
/input/images/mensaje-envio.png	90142	-	-	-	0	0	0	0	0	0	0	0	0	0	0	0	0	0	0	0	0	0	0	0	0	0	0	0	0
/input/images/referenciada-recursos.png	59866	-	-	-	0	0	0	0	0	0	0	0	0	0	0	0	0	0	0	0	0	0	0	0	0	0	0	0	0
/input/images/priorizar-evento.png	67970	-	-	-	0	0	0	0	0	0	0	0	0	0	0	0	0	0	0	0	0	0	0	0	0	0	0	0	0
/input/images/atender-recursos.png	88505	-	-	-	0	0	0	0	0	0	0	0	0	0	0	0	0	0	0	0	0	0	0	0	0	0	0	0	0
/input/images/workflow.png	91383	-	-	-	0	0	0	0	0	0	0	0	0	0	0	0	0	0	0	0	0	0	0	0	0	0	0	0	0
/temp/pages/_includes/artifacts.xml	44197	-	-	-	-	-	-	-	-	-	-	-	-	-	-	-	-	-	-	-	-	2	0	0	0	0	0	0	0
