URL,Version,Status,OIDs,Name,Title,Description,Used
http://dicom.nema.org/resources/ontology/DCM,01,active,"1.2.840.10008.2.16.4",DICOM Controlled Terminology Definitions,,"DICOM Code Definitions (Coding Scheme Designator ""DCM"" Coding Scheme Version ""01"")","ValueSet/security-role-type"
http://hl7.org/fhir/CodeSystem/medicationrequest-intent,4.0.1,draft,"2.16.840.1.113883.4.642.4.1378",medicationRequest Intent,Medication request  intent,"MedicationRequest Intent Codes","ValueSet/medicationrequest-intent"
http://hl7.org/fhir/CodeSystem/medicationrequest-status,4.0.1,draft,"2.16.840.1.113883.4.642.4.1377",medicationrequest Status,Medicationrequest  status,"MedicationRequest Status Codes","ValueSet/medicationrequest-status"
http://hl7.org/fhir/address-type,4.0.1,active,"2.16.840.1.113883.4.642.4.70",AddressType,AddressType,"The type of an address (physical / postal).","ValueSet/address-type"
http://hl7.org/fhir/address-use,4.0.1,active,"2.16.840.1.113883.4.642.4.68",AddressUse,AddressUse,"The use of an address.","ValueSet/address-use"
http://hl7.org/fhir/administrative-gender,4.0.1,active,"2.16.840.1.113883.4.642.4.2",AdministrativeGender,AdministrativeGender,"The gender of a person used for administrative purposes.","ValueSet/administrative-gender"
http://hl7.org/fhir/allergy-intolerance-category,4.0.1,draft,"2.16.840.1.113883.4.642.4.134",AllergyIntoleranceCategory,AllergyIntoleranceCategory,"Category of an identified substance associated with allergies or intolerances.","ValueSet/allergy-intolerance-category"
http://hl7.org/fhir/allergy-intolerance-criticality,4.0.1,draft,"2.16.840.1.113883.4.642.4.130",AllergyIntoleranceCriticality,AllergyIntoleranceCriticality,"Estimate of the potential clinical harm, or seriousness, of a reaction to an identified substance.","ValueSet/allergy-intolerance-criticality"
http://hl7.org/fhir/allergy-intolerance-type,4.0.1,draft,"2.16.840.1.113883.4.642.4.132",AllergyIntoleranceType,AllergyIntoleranceType,"Identification of the underlying physiological mechanism for a Reaction Risk.","ValueSet/allergy-intolerance-type"
http://hl7.org/fhir/appointmentstatus,4.0.1,draft,"2.16.840.1.113883.4.642.4.485",AppointmentStatus,AppointmentStatus,"The free/busy status of an appointment.","ValueSet/appointmentstatus"
http://hl7.org/fhir/bundle-type,4.0.1,active,"2.16.840.1.113883.4.642.4.621",BundleType,BundleType,"Indicates the purpose of a bundle - how it is intended to be used.","ValueSet/bundle-type"
http://hl7.org/fhir/care-plan-activity-status,4.0.1,draft,"2.16.840.1.113883.4.642.4.147",CarePlanActivityStatus,CarePlanActivityStatus,"Codes that reflect the current state of a care plan activity within its overall life cycle.","ValueSet/care-plan-activity-status"
http://hl7.org/fhir/contact-point-system,4.0.1,active,"2.16.840.1.113883.4.642.4.72",ContactPointSystem,ContactPointSystem,"Telecommunications form for contact point.","ValueSet/contact-point-system"
http://hl7.org/fhir/contact-point-use,4.0.1,active,"2.16.840.1.113883.4.642.4.74",ContactPointUse,ContactPointUse,"Use of contact point.","ValueSet/contact-point-use"
http://hl7.org/fhir/days-of-week,4.0.1,active,"2.16.840.1.113883.4.642.4.513",DaysOfWeek,DaysOfWeek,"The days of the week.","ValueSet/days-of-week"
http://hl7.org/fhir/encounter-location-status,4.0.1,draft,"2.16.840.1.113883.4.642.4.263",EncounterLocationStatus,EncounterLocationStatus,"The status of the location.","ValueSet/encounter-location-status"
http://hl7.org/fhir/encounter-status,4.0.1,draft,"2.16.840.1.113883.4.642.4.247",EncounterStatus,EncounterStatus,"Current state of the encounter.","ValueSet/encounter-status"
http://hl7.org/fhir/http-verb,4.0.1,active,"2.16.840.1.113883.4.642.4.625",HTTPVerb,HTTPVerb,"HTTP verbs (in the HTTP command line). See [HTTP rfc](https://tools.ietf.org/html/rfc7231) for details.","ValueSet/http-verb"
http://hl7.org/fhir/identifier-use,4.0.1,active,"2.16.840.1.113883.4.642.4.58",IdentifierUse,IdentifierUse,"Identifies the purpose for this identifier, if known .","ValueSet/identifier-use"
http://hl7.org/fhir/link-type,4.0.1,active,"2.16.840.1.113883.4.642.4.424",LinkType,LinkType,"The type of link between this patient resource and another patient resource.","ValueSet/link-type"
http://hl7.org/fhir/message-events,4.0.1,active,,MessageEvent,MessageEvent,"One of the message events defined as part of this version of FHIR.","ValueSet/message-events"
http://hl7.org/fhir/name-use,4.0.1,active,"2.16.840.1.113883.4.642.4.66",NameUse,NameUse,"The use of a human name.","ValueSet/name-use"
http://hl7.org/fhir/observation-status,4.0.1,active,"2.16.840.1.113883.4.642.4.401",ObservationStatus,ObservationStatus,"Codes providing the status of an observation.","ValueSet/observation-status"
http://hl7.org/fhir/participantrequired,4.0.1,draft,"2.16.840.1.113883.4.642.4.489",ParticipantRequired,ParticipantRequired,"Is the Participant required to attend the appointment.","ValueSet/participantrequired"
http://hl7.org/fhir/participationstatus,4.0.1,draft,"2.16.840.1.113883.4.642.4.487",ParticipationStatus,ParticipationStatus,"The Participation status of an appointment.","ValueSet/participationstatus"
http://hl7.org/fhir/provenance-entity-role,4.0.1,draft,"2.16.840.1.113883.4.642.4.437",ProvenanceEntityRole,ProvenanceEntityRole,"How an entity was used in an activity.","ValueSet/provenance-entity-role"
http://hl7.org/fhir/questionnaire-answers-status,4.0.1,draft,"2.16.840.1.113883.4.642.4.448",QuestionnaireResponseStatus,QuestionnaireResponseStatus,"Lifecycle status of the questionnaire response.","ValueSet/questionnaire-answers-status"
http://hl7.org/fhir/reaction-event-severity,4.0.1,draft,"2.16.840.1.113883.4.642.4.136",AllergyIntoleranceSeverity,AllergyIntoleranceSeverity,"Clinical assessment of the severity of a reaction event as a whole, potentially considering multiple different manifestations.","ValueSet/reaction-event-severity"
http://hl7.org/fhir/request-intent,4.0.1,draft,"2.16.840.1.113883.4.642.4.114",RequestIntent,RequestIntent,"Codes indicating the degree of authority/intentionality associated with a request.","ValueSet/request-intent,ValueSet/care-plan-intent"
http://hl7.org/fhir/request-priority,4.0.1,draft,"2.16.840.1.113883.4.642.4.116",RequestPriority,RequestPriority,"Identifies the level of importance to be assigned to actioning the request.","ValueSet/request-priority"
http://hl7.org/fhir/request-status,4.0.1,draft,"2.16.840.1.113883.4.642.4.112",RequestStatus,RequestStatus,"Codes identifying the lifecycle stage of a request.","ValueSet/request-status"
http://hl7.org/fhir/resource-types,4.0.1,active,,ResourceType,ResourceType,"One of the resource types defined as part of this version of FHIR.","ValueSet/resource-types,ValueSet/care-plan-activity-kind"
http://hl7.org/fhir/response-code,4.0.1,draft,"2.16.840.1.113883.4.642.4.381",ResponseType,ResponseType,"The kind of response to a message.","ValueSet/response-code"
http://hl7.org/fhir/search-entry-mode,4.0.1,active,"2.16.840.1.113883.4.642.4.623",SearchEntryMode,SearchEntryMode,"Why an entry is in the result set - whether it's included as a match or because of an _include requirement, or to convey information or warning information about the search process.","ValueSet/search-entry-mode"
http://hl7.org/fhir/sid/icd-10,2.1.1,retired,"2.16.840.1.113883.6.3",Icd10,ICD-10,"International Classification of Diseases revision 10 (ICD 10)","ValueSet/VSTerminologiasDiag"
http://loinc.org,3.1.0,active,"2.16.840.1.113883.6.1",LOINC,Logical Observation Identifiers, Names and Codes (LOINC),"LOINC provides a set of universal names and ID codes for identifying laboratory and clinical test results.1,2 LOINC facilitates the exchange and pooling of results, such as blood hemoglobin, serum potassium, or vital signs, for clinical care, outcomes management, and research. LOINC's universal identifiers (names and codes) can be used in the context of order and observation exchanges between information systems that use syntax standards such as HL73, CEN TC251, ISO TC215, ASTM4, and DICOM. Specifically, the identifier can be used as the coded value for an observation in any other standard that uses the observation/observation value paradigm, whether messages, documents, application programming interface (API), etc. For example, LOINC codes are used widely in the OBX segment Observation Identifier field (OBX-3) of an ORU HL7 (HL7 version 2.x or ASTM 1238-9410) message that may be sent between a Clinical Laboratory Information Management Systems (LIMS) and Electronic Health Record Systems (EHR).5, 6 In this way, LOINC codes provide universal identifiers that allow the exchange of clinical data between heterogeneous computing environments.","ValueSet/CodigoExamen,ValueSet/TipoDeObservacion,ValueSet/observation-codes"
http://snomed.info/sct,null,active,"2.16.840.1.113883.6.96",SNOMED_CT,SNOMED CT (all versions),"SNOMED CT is the most comprehensive and precise clinical health terminology product in the world, owned and distributed around the world by The International Health Terminology Standards Development Organisation (IHTSDO).","ValueSet/servicerequest-category,ValueSet/clinical-findings,ValueSet/condition-stage,ValueSet/encounter-reason,ValueSet/participant-role,ValueSet/vs-problema-ges-tei,ValueSet/VSServicioRequerido,ValueSet/medication-codes,ValueSet/body-site,ValueSet/manifestation-or-symptom,ValueSet/procedure-code,ValueSet/medication-as-needed-reason,ValueSet/performer-role,ValueSet/referencerange-appliesto,ValueSet/c80-practice-codes,ValueSet/route-codes,ValueSet/substance-code,ValueSet/care-plan-activity-outcome,ValueSet/procedure-reason,ValueSet/VSTerminologiasDiag,ValueSet/condition-code,ValueSet/allergyintolerance-code,ValueSet/condition-stage-type,ValueSet/TipoDeObservacion,ValueSet/observation-methods,ValueSet/care-plan-category,ValueSet/questionnaire-answers,ValueSet/servicerequest-orderdetail,ValueSet/condition-severity"
http://terminology.hl7.org/CodeSystem/admit-source,1.0.1,active,"2.16.840.1.113883.4.642.1.1092",AdmitSource,Admit source,"This value set defines a set of codes that can be used to indicate from where the patient came in.","ValueSet/encounter-admit-source"
http://terminology.hl7.org/CodeSystem/allergyintolerance-clinical,1.0.1,active,"2.16.840.1.113883.4.642.1.1373",AllergyIntoleranceClinicalStatusCodes,AllergyIntolerance Clinical Status Codes,"Preferred value set for AllergyIntolerance Clinical Status.","ValueSet/allergyintolerance-clinical"
http://terminology.hl7.org/CodeSystem/allergyintolerance-verification,1.0.1,active,"2.16.840.1.113883.4.642.1.1371",AllergyIntoleranceVerificationStatus,AllergyIntolerance Verification Status,"The verification status to support or decline the clinical status of the allergy or intolerance.","ValueSet/allergyintolerance-verification"
http://terminology.hl7.org/CodeSystem/appointment-cancellation-reason,2.1.1,active,"2.16.840.1.113883.4.642.1.1382",AppointmentCancellationReason,Appointment cancellation reason,"This example value set defines a set of reasons for the cancellation of an appointment.","ValueSet/appointment-cancellation-reason"
http://terminology.hl7.org/CodeSystem/common-tags,1.0.1,active,"2.16.840.1.113883.4.642.1.1067",CommonTags,Common Tags,"Common Tag Codes defined by FHIR project","ValueSet/common-tags"
http://terminology.hl7.org/CodeSystem/condition-category,1.0.1,active,"2.16.840.1.113883.4.642.1.1073",ConditionCategoryCodes,Condition Category Codes,"Preferred value set for Condition Categories.","ValueSet/condition-category"
http://terminology.hl7.org/CodeSystem/condition-clinical,3.0.0,active,"2.16.840.1.113883.4.642.1.1074",ConditionClinicalStatusCodes,Condition Clinical Status Codes,"Preferred value set for Condition Clinical Status.","ValueSet/condition-clinical"
http://terminology.hl7.org/CodeSystem/condition-ver-status,2.0.1,active,"2.16.840.1.113883.4.642.1.1075",ConditionVerificationStatus,ConditionVerificationStatus,"The verification status to support or decline the clinical status of the condition or diagnosis.","ValueSet/condition-ver-status"
http://terminology.hl7.org/CodeSystem/contactentity-type,1.0.0,draft,"2.16.840.1.113883.4.642.1.1129",ContactEntityType,Contact entity type,"This example value set defines a set of codes that can be used to indicate the purpose for which you would contact a contact party.","ValueSet/contactentity-type"
http://terminology.hl7.org/CodeSystem/contractsignertypecodes,1.0.1,active,"2.16.840.1.113883.4.642.1.1201",ContractSignerTypeCodes,Contract Signer Type Codes,"This value set includes sample Contract Signer Type codes.","ValueSet/security-role-type"
http://terminology.hl7.org/CodeSystem/data-absent-reason,1.0.0,active,"2.16.840.1.113883.4.642.4.1048",DataAbsentReason,DataAbsentReason,"Used to specify why the normally expected content of the data element is missing.","ValueSet/data-absent-reason"
http://terminology.hl7.org/CodeSystem/diagnosis-role,1.1.1,active,"2.16.840.1.113883.4.642.1.1054",DiagnosisRole,Diagnosis Role,"This value set defines a set of codes that can be used to express the role of a diagnosis on the Encounter or EpisodeOfCare record.","ValueSet/diagnosis-role"
http://terminology.hl7.org/CodeSystem/diet,1.0.1,active,"2.16.840.1.113883.4.642.1.1091",Diet,Diet,"This value set defines a set of codes that can be used to indicate dietary preferences or restrictions a patient may have.","ValueSet/encounter-diet"
http://terminology.hl7.org/CodeSystem/discharge-disposition,1.0.1,active,"2.16.840.1.113883.4.642.1.1093",DischargeDisposition,Discharge disposition,"This value set defines a set of codes that can be used to where the patient left the hospital.","ValueSet/encounter-discharge-disposition"
http://terminology.hl7.org/CodeSystem/encounter-special-arrangements,1.0.1,active,"2.16.840.1.113883.4.642.1.1090",SpecialArrangements,Special arrangements,"This value set defines a set of codes that can be used to indicate the kinds of special arrangements in place for a patients visit.","ValueSet/encounter-special-arrangements"
http://terminology.hl7.org/CodeSystem/extra-security-role-type,1.0.1,active,,SecurityRoleType,Security Role Type,"This CodeSystem contains Additional FHIR-defined Security Role types not defined elsewhere","ValueSet/security-role-type"
http://terminology.hl7.org/CodeSystem/location-physical-type,2.0.1,active,"2.16.840.1.113883.4.642.1.1108",LocationType,Location type,"This example value set defines a set of codes that can be used to indicate the physical form of the Location.  This includes several 'non physical' codes which are still considered a location.","ValueSet/location-physical-type"
http://terminology.hl7.org/CodeSystem/medicationrequest-category,1.0.0,draft,"2.16.840.1.113883.4.642.1.1323",MedicationRequestCategoryCodes,MedicationRequest Category Codes,"MedicationRequest Category Codes","ValueSet/medicationrequest-category"
http://terminology.hl7.org/CodeSystem/medicationrequest-course-of-therapy,1.0.1,active,"2.16.840.1.113883.4.642.1.1327",MedicationRequestCourseOfTherapyCodes,MedicationRequest Course of Therapy Codes,"MedicationRequest Course of Therapy Codes","ValueSet/medicationrequest-course-of-therapy"
http://terminology.hl7.org/CodeSystem/medicationrequest-status-reason,1.0.1,active,"2.16.840.1.113883.4.642.1.1325",MedicationRequestStatusReasonCodes,MedicationRequest Status Reason Codes,"MedicationRequest Status Reason Codes","ValueSet/medicationrequest-status-reason"
http://terminology.hl7.org/CodeSystem/message-reasons-encounter,1.0.1,active,"2.16.840.1.113883.4.642.1.1122",ExampleMessageReasonCodes,Example Message Reason Codes,"Example Message Reasons. These are the set of codes that might be used an updating an encounter using admin-update.","ValueSet/message-reason-encounter"
http://terminology.hl7.org/CodeSystem/observation-category,1.0.1,active,"2.16.840.1.113883.4.642.1.1125",ObservationCategoryCodes,Observation Category Codes,"Observation Category codes.","ValueSet/observation-category"
http://terminology.hl7.org/CodeSystem/organization-type,2.0.1,active,"2.16.840.1.113883.4.642.1.1128",OrganizationType,Organization type,"This example value set defines a set of codes that can be used to indicate a type of organization.","ValueSet/organization-type"
http://terminology.hl7.org/CodeSystem/participant-type,1.0.1,active,"2.16.840.1.113883.4.642.1.1089",ParticipantType,Participant type,"This value set defines a set of codes that can be used to indicate how an individual participates in an encounter.","ValueSet/encounter-participant-type"
http://terminology.hl7.org/CodeSystem/provenance-participant-type,1.1.0,active,"2.16.840.1.113883.4.642.1.1131",ProvenanceParticipantType,Provenance participant type,"These codes define the type of participation by an agent in a provenance activity. An agent is something that bears the responsibility identified by the type of participation in the activity taking place, for the existence of an entity, or for another agent's activity. An Agent may be An agent, device, system, organization, group, care-team, or other identifiable thing.","ValueSet/provenance-agent-type"
http://terminology.hl7.org/CodeSystem/referencerange-meaning,1.0.1,active,"2.16.840.1.113883.4.642.1.1124",ObservationReferenceRangeMeaningCodes,Observation Reference Range Meaning Codes,"This value set defines a set of codes that can be used to indicate the meaning/use of a reference range for a particular target population.","ValueSet/referencerange-meaning"
http://terminology.hl7.org/CodeSystem/service-category,1.1.1,active,"2.16.840.1.113883.4.642.1.1144",ServiceCategory,Service category,"This value set defines an example set of codes that can be used to classify groupings of service-types/specialties.","ValueSet/service-category"
http://terminology.hl7.org/CodeSystem/service-type,1.1.1,active,"2.16.840.1.113883.4.642.1.1145",ServiceType,Service type,"This value set defines an example set of codes of service-types.","ValueSet/service-type"
http://terminology.hl7.org/CodeSystem/v2-0092,2.0.0,active,"2.16.840.1.113883.18.36",ReAdmissionIndicator,re-admissionIndicator,"Code system of concepts which are used to specify that a patient is being re admitted to a healthcare facilityin from which they were discharged, and indicates the circumstances around such re-admission.  Used in HL7 Version 2.x messagine in the PV1 segment.","ValueSet/v2-0092"
http://terminology.hl7.org/CodeSystem/v2-0131,2.0.0,active,"2.16.840.1.113883.18.58",ContactRole2,contactRole2,"Code system of concepts which specify a relationship role that the next of kin/associated parties plays with regard to the patient. Also used in referrals, for example, it may be necessary to identify the contact representative at the clinic that sent a referral. Used in HL7 Version 2 messaging in the NK1 and CTD segments after 2.5, when it replace 2.16.840.1.113883.18.57.","ValueSet/patient-contactrelationship"
http://terminology.hl7.org/CodeSystem/v2-0203,4.0.0,active,"2.16.840.1.113883.18.108",IdentifierType,identifierType,"HL7-defined code system of concepts specifying type of identifier. Used in HL7 Version 2.x messaging data types CX, PLN, PPN, XCN and XON.","ValueSet/identifier-type"
http://terminology.hl7.org/CodeSystem/v2-0276,2.0.0,active,"2.16.840.1.113883.18.169",AppointmentReason,appointmentReason,"Code system of concepts used to describe the kind of appointment or the reason why an appointment has been scheduled.  Used in HL7 Version 2.x messaging in the ARQ segment.","ValueSet/v2-0276"
http://terminology.hl7.org/CodeSystem/v3-ActCode,9.0.0,active,"2.16.840.1.113883.5.4",ActCode,ActCode,"A code specifying the particular kind of Act that the Act-instance represents within its class.    *Constraints:* The kind of Act (e.g. physical examination, serum potassium, inpatient encounter, charge financial transaction, etc.) is specified with a code from one of several, typically external, coding systems. The coding system will depend on the class of Act, such as LOINC for observations, etc.    Conceptually, the Act.code must be a specialization of the Act.classCode. This is why the structure of ActClass domain should be reflected in the superstructure of the ActCode domain and then individual codes or externally referenced vocabularies subordinated under these domains that reflect the ActClass structure.    Act.classCode and Act.code are not modifiers of each other but the Act.code concept should really imply the Act.classCode concept. For a negative example, it is not appropriate to use an Act.code ""potassium"" together with and Act.classCode for ""laboratory observation"" to somehow mean ""potassium laboratory observation"" and then use the same Act.code for ""potassium"" together with Act.classCode for ""medication"" to mean ""substitution of potassium"". This mutually modifying use of Act.code and Act.classCode is not permitted.","ValueSet/provenance-activity-type,ValueSet/v3-ActEncounterCode"
http://terminology.hl7.org/CodeSystem/v3-ActPriority,3.0.0,active,"2.16.840.1.113883.5.7",ActPriority,ActPriority,"A set of codes (e.g., for routine, emergency), specifying the urgency under which the Act happened, can happen, is happening, is intended to happen, or is requested/demanded to happen.","ValueSet/v3-ActPriority"
http://terminology.hl7.org/CodeSystem/v3-ActReason,3.1.0,active,"2.16.840.1.113883.5.8",ActReason,ActReason,"A set of codes specifying the motivation, cause, or rationale of an Act, when such rationale is not reasonably represented as an ActRelationship of type ""has reason"" linking to another Act.    *Examples:* Example reasons that might qualify for being coded in this field might be: ""routine requirement"", ""infectious disease reporting requirement"", ""on patient request"", ""required by law"".","ValueSet/v3-PurposeOfUse,ValueSet/v3-SubstanceAdminSubstitutionReason"
http://terminology.hl7.org/CodeSystem/v3-DataOperation,5.0.0,active,"2.16.840.1.113883.5.1123",DataOperation,DataOperation,"**** MISSING DESCRIPTION ****","ValueSet/provenance-activity-type"
http://terminology.hl7.org/CodeSystem/v3-DocumentCompletion,3.0.0,active,"2.16.840.1.113883.5.33",DocumentCompletion,DocumentCompletion,"Identifies the current completion state of a clinical document.","ValueSet/provenance-activity-type"
http://terminology.hl7.org/CodeSystem/v3-EncounterSpecialCourtesy,3.0.0,active,"2.16.840.1.113883.5.40",EncounterSpecialCourtesy,EncounterSpecialCourtesy,"**** MISSING DESCRIPTION ****","ValueSet/encounter-special-courtesy"
http://terminology.hl7.org/CodeSystem/v3-NullFlavor,3.0.0,active,"2.16.840.1.113883.5.1008",NullFlavor,NullFlavor,"A collection of codes specifying why a valid value is not present.","ValueSet/encounter-special-courtesy"
http://terminology.hl7.org/CodeSystem/v3-ObservationInterpretation,3.0.0,active,"2.16.840.1.113883.5.83",ObservationInterpretation,ObservationInterpretation,"One or more codes providing a rough qualitative interpretation of the observation, such as ""normal"" / ""abnormal"", ""low"" / ""high"", ""better"" / ""worse"", ""resistant"" / ""susceptible"", ""expected"" / ""not expected"". The value set is intended to be for ANY use where coded representation of an interpretation is needed.","ValueSet/observation-interpretation"
http://terminology.hl7.org/CodeSystem/v3-ParticipationFunction,3.0.0,active,"2.16.840.1.113883.5.88",ParticipationFunction,ParticipationFunction,"This code is used to specify the exact function an actor had in a service in all necessary detail. This domain may include local extensions (CWE).","ValueSet/security-role-type"
http://terminology.hl7.org/CodeSystem/v3-ParticipationType,5.0.0,active,"2.16.840.1.113883.5.90",ParticipationType,ParticipationType,"A code specifying the meaning and purpose of every Participation instance. Each of its values implies specific constraints on the Roles undertaking the participation.","ValueSet/security-role-type,ValueSet/encounter-participant-type,ValueSet/provenance-activity-type"
http://terminology.hl7.org/CodeSystem/v3-RoleClass,4.0.0,active,"2.16.840.1.113883.5.110",RoleClass,RoleClass,"Codes for the Role class hierarchy. The values in this hierarchy, represent a Role which is an association or relationship between two entities - the entity that plays the role and the entity that scopes the role. Roles names are derived from the name of the playing entity in that role.    The role hierarchy stems from three core concepts, or abstract domains:     *  **RoleClassOntological** is an abstract domain that collects roles in which the playing entity is defined or specified by the scoping entity.   *  **RoleClassPartitive** collects roles in which the playing entity is in some sense a ""part"" of the scoping entity.   *  **RoleClassAssociative** collects all of the remaining forms of association between the playing entity and the scoping entity. This set of roles is further partitioned between:             *  **RoleClassPassive** which are roles in which the playing entity is used, known, treated, handled, built, or destroyed, etc. under the auspices of the scoping entity. The playing entity is passive in these roles in that the role exists without an agreement from the playing entity.       *  **RoleClassMutualRelationship** which are relationships based on mutual behavior of the two entities. The basis of these relationship may be formal agreements or they may be *de facto* behavior. Thus, this sub-domain is further divided into:                     *  **RoleClassRelationshipFormal** in which the relationship is formally defined, frequently by a contract or agreement.           *  **Personal relationship** which inks two people in a personal relationship.    The hierarchy discussed above is represented In the current vocabulary tables as a set of abstract domains, with the exception of the ""Personal relationship"" which is a leaf concept.    *OpenIssue:* Description copied from Concept Domain of same name. Must be verified.","ValueSet/security-role-type"
http://terminology.hl7.org/CodeSystem/v3-RoleCode,3.0.0,active,"2.16.840.1.113883.5.111",RoleCode,RoleCode,"A set of codes further specifying the kind of Role; specific classification codes for further qualifying RoleClass codes.","ValueSet/security-role-type,ValueSet/v3-ServiceDeliveryLocationRoleType"
http://terminology.hl7.org/CodeSystem/v3-substanceAdminSubstitution,3.0.0,active,"2.16.840.1.113883.5.1070",SubstanceAdminSubstitution,Substance Admin Substitution,"Identifies what sort of change is permitted or has occurred between the therapy that was ordered and the therapy that was/will be provided.","ValueSet/v3-ActSubstanceAdminSubstitutionCode"
https://hl7chile.cl/fhir/ig/clcore/CodeSystem/CSCodigoServicio,1.9.2,active,,CSCodServicioCL,Tipos de Servicios Remotos,"Códigos para los Servicios realizados en un encuentro remoto según indicaciones del Ministerio de Salud","ValueSet/VSTiposServicio"
https://hl7chile.cl/fhir/ig/clcore/CodeSystem/CSCodigoslenguaje,1.9.2,active,,CSCodigoslenguaje,Codigos Lenguaje,"Codigoslenguaje","ValueSet/VSCodigoslenguaje"
https://hl7chile.cl/fhir/ig/clcore/CodeSystem/CSEspecialidadFarma,1.9.2,active,,CSEspecialidadFarma,Especialidad Farmacia,"Especialidad de Farmacia","ValueSet/VSEspecialidadesCL"
https://hl7chile.cl/fhir/ig/clcore/CodeSystem/CSEspecialidadOdontologica,1.9.2,active,,CSEspecialidadOdontologica,Especialidad Odontologica,"Especialidad de Odontologica","ValueSet/VSEspecialidadesCL"
https://hl7chile.cl/fhir/ig/clcore/CodeSystem/CSEspecialidadesDeisCL,1.9.2,active,,CSEspecialidadesDeisCL,Códigos de Especialidades,"Códigos de especialidades médicas descritas según DEIS","ValueSet/VSEspecialidadesCL"
https://hl7chile.cl/fhir/ig/clcore/CodeSystem/CSTipoIdentificador,1.9.2,active,,CSTipoIdentificador,Tipo Identificador,"Tipo Identificador","ValueSet/VSIdentificadorPrestador,ValueSet/VSTipoIdentificador"
https://hl7chile.cl/fhir/ig/clcore/CodeSystem/CSTiposEncuentroCL,1.9.2,active,,CSTiposEncuentroCL,Tipos de Encuentro,"Códigos de Encuentros según MINSAL","ValueSet/VSTiposEncuentroCL"
https://hl7chile.cl/fhir/ig/clcore/CodeSystem/CodPais,1.9.2,active,,CSCodPaises,Códigos de Países,"Codigos definidos para la identificación de países segun norma ISO3166-N","ValueSet/CodPais"
https://hl7chile.cl/fhir/ig/clcore/CodeSystem/EspecialidadesConacemConaceoCS,1.9.2,active,,EspecialidadesConacemConaceoCS,Códigos de Especialidades de CONACEM y CONACEO,"Códigos a usar para las Especialidades provenientes de La Corporación Nacional Autónoma de Certificación de Especialidades Médicas (CONACEM) y de La Corporación Nacional Autónoma de Certificación de Especialidades Odontológicas (CONACEO) de Chile","ValueSet/VSEspecialidadesCL"
https://interoperabilidad.minsal.cl/fhir/ig/tei/CodeSystem/CSConsecuenciaAtencionCodigo,0.2.3,active,,CSConsecuenciaAtencionCodigo,Consecuencia Atención Codigo,"Consecuencia Atención Codigo","ValueSet/VSConsecuenciaAtencionCodigo"
https://interoperabilidad.minsal.cl/fhir/ig/tei/CodeSystem/CSDerivadoParaCodigo,0.2.3,active,,CSDerivadoParaCodigo,Derivado Para,"Derivado Para","ValueSet/VSDerivadoParaCodigo"
https://interoperabilidad.minsal.cl/fhir/ig/tei/CodeSystem/CSDestinoReferenciaCodigo,0.2.3,active,,CSDestinoReferenciaCodigo,Destino Referencia Codigo,"Destino Referencia Codigo","ValueSet/VSDestinoReferenciaCodigo"
https://interoperabilidad.minsal.cl/fhir/ig/tei/CodeSystem/CSEspecialidadBioqca,0.2.3,active,,CSEspecialidadBioqca,Especialidades y Subespecialidades Bioquímicas,"Especialidades y Subespecialidades Bioquímicas","ValueSet/VSEspecialidadBioqca"
https://interoperabilidad.minsal.cl/fhir/ig/tei/CodeSystem/CSEspecialidadFarma,0.2.3,active,,CSEspecialidadFarma,Especialidades Farmaceúticas o Química Farmaceúticas,"Especialidades Farmaceúticas o Química Farmaceúticas","ValueSet/VSEspecialidadFarma"
https://interoperabilidad.minsal.cl/fhir/ig/tei/CodeSystem/CSEspecialidadMed,0.2.3,active,,CSEspecialidadMed,EspecialidadMed,"EspecialidadMed","ValueSet/VsEspecialidadDest,ValueSet/VSEspecialidadMed"
https://interoperabilidad.minsal.cl/fhir/ig/tei/CodeSystem/CSEspecialidadOdont,0.2.3,active,,CSEspecialidadOdont,Especialidades Odontológicas,"Especialidades Odontológicas","ValueSet/VsEspecialidadDest,ValueSet/VSEspecialidadOdont"
https://interoperabilidad.minsal.cl/fhir/ig/tei/CodeSystem/CSEstablecimientoDestino,0.2.3,active,,CSEstablecimientoDestino,Establecimiento Destino Codigo,"Establecimiento Destino Codigo ejemplos hechos en base a este documento con los [Códigos DEIS del establecimientos](https://datos.gob.cl/dataset/establecimientos-de-salud-vigentes)","ValueSet/VSEstablecimientoDestino"
https://interoperabilidad.minsal.cl/fhir/ig/tei/CodeSystem/CSEstadoCivil,0.2.3,active,,CSEstadoCivil,EstadoCivil,"EstadoCivil","ValueSet/VSEstadoCivil"
https://interoperabilidad.minsal.cl/fhir/ig/tei/CodeSystem/CSEstadoInterconsulta,0.2.3,active,,CSEstadoInterconsulta,Estado Interconsulta,"Estado Interconsulta","ValueSet/VSEstadoInterconsulta"
https://interoperabilidad.minsal.cl/fhir/ig/tei/CodeSystem/CSIndicecomorbilidad,0.2.3,active,,CSIndicecomorbilidad,Indice Comorbilidad,"Indice Comorbilidad","ValueSet/VSIndicecomorbilidad"
https://interoperabilidad.minsal.cl/fhir/ig/tei/CodeSystem/CSMediodeContacto,0.2.3,active,,CSMediodeContacto,Medio Notificación,"Medio Notificación","ValueSet/VSMediodeContacto"
https://interoperabilidad.minsal.cl/fhir/ig/tei/CodeSystem/CSModalidadAtencionCodigo,0.2.3,active,,CSModalidadAtencionCodigo,Modalidad Atencion Codigo,"Modalidad Atencion Codigo","ValueSet/VSModalidadAtencionCodigo"
https://interoperabilidad.minsal.cl/fhir/ig/tei/CodeSystem/CSMotivoCierreInterconsulta,0.2.3,active,,CSMotivoCierreInterconsulta,Motivo Cierre Interconsulta,"Motivo Cierre Interconsulta","ValueSet/VSMotivoCierreInterconsulta"
https://interoperabilidad.minsal.cl/fhir/ig/tei/CodeSystem/CSMotivoNoContactabilidad,0.2.3,active,,CSMotivoNoContactabilidad,Motivo No Contactabilidad,"Motivo No Contactabilidad","ValueSet/VSMotivoNoContactabilidad"
https://interoperabilidad.minsal.cl/fhir/ig/tei/CodeSystem/CSMotivoNoPertinenciaCodigo,0.2.3,active,,CSMotivoNoPertinenciaCodigo,Motivo No Pertinencia Codigo,"Motivo No Pertinencia Codigo","ValueSet/VSMotivoNoPertinenciaCodigo"
https://interoperabilidad.minsal.cl/fhir/ig/tei/CodeSystem/CSPertinenciaInterconsulta,0.2.3,active,,CSPertinenciaInterconsulta,Pertinencia Interconsulta,"Pertinencia Interconsulta","ValueSet/VSPertinenciaInterconsulta"
https://interoperabilidad.minsal.cl/fhir/ig/tei/CodeSystem/CSPractitionerTipoRolLE,0.2.3,active,,CSPractitionerTipoRolLE,Rol de profesionales,"CodeSystem con códigos definidos para representar cada rol de profesional o funcionario administrativo dentro de la interconsulta","ValueSet/VSPractitionerTipoRolLE"
https://interoperabilidad.minsal.cl/fhir/ig/tei/CodeSystem/CSReligion,0.2.3,active,,CSReligion,Religion,"Religion","ValueSet/VSReligion"
https://interoperabilidad.minsal.cl/fhir/ig/tei/CodeSystem/CSTipoConsulta,0.2.3,active,,CSTipoConsulta,Tipo Consulta,"Tipo Consulta","ValueSet/VSTipoConsulta"
https://interoperabilidad.minsal.cl/fhir/ig/tei/CodeSystem/CSTipoEventoLE,0.2.3,active,,CSTipoEventoLE,Tipo de Evento,"CodeSystem con códigos definidos para representar cada evento en la interconsulta","ValueSet/VSTipoEventoLE"
https://interoperabilidad.minsal.cl/fhir/ig/tei/CodeSystem/CSTipoObservacionMinsal,0.2.3,active,,CSTipoObservacionMinsal,Tipo de Observación,"Son todos los tipos de observaciones dadas por el Ministerio De Salud","ValueSet/TipoDeObservacion"
https://interoperabilidad.minsal.cl/fhir/ig/tei/CodeSystem/CSTituloProfesional,0.2.3,active,,CSTituloProfesional,TituloProfesional,"TituloProfesional","ValueSet/VSTituloProfesional"
https://interoperabilidad.minsal.cl/fhir/ig/tei/CodeSystem/CSorigenInterconsulta,0.2.3,active,,CSorigenInterconsulta,Origen Interconsulta,"Origen Interconsulta","ValueSet/VSorigenInterconsulta"
https://interoperabilidad.minsal.cl/fhir/ig/tei/CodeSystem/PueblosOriginariosCS,0.2.3,draft,,PueblosOriginariosCS,Pueblos Originarios de Chile,"Pueblos Originarios de Chile","ValueSet/PueblosOriginariosVS"
urn:ietf:bcp:47,2.0.1,active,"2.16.840.1.113883.6.121",Ietf3066,Tags for the Identification of Languages,"Older value from OID registry.  Superceded; see recommendations in BCP-47.","ValueSet/languages"
