URL,Version,Status,OIDs,Name,Title,Description,Uses,Used,Sources
http://hl7.org/fhir/ValueSet/allergyintolerance-code,4.0.1,draft,"2.16.840.1.113883.4.642.3.137",AllergyIntoleranceSubstance/Product,ConditionAndNegationCodes,AllergyIntolerance Substance/Product, Condition and Negation Codes,"This value set includes concept codes for specific substances/pharmaceutical products, allergy or intolerance conditions, and negation/exclusion codes to specify the absence of specific types of allergies or intolerances.","StructureDefinition/AllergyIntoleranceIniciarLE","SCT"
http://hl7.org/fhir/ValueSet/condition-clinical,4.0.1,draft,"2.16.840.1.113883.4.642.3.164",ConditionClinicalStatusCodes,Condition Clinical Status Codes,"Preferred value set for Condition Clinical Status.","StructureDefinition/ConditionDiagnosticoLE","THO"
http://hl7.org/fhir/ValueSet/condition-severity,4.0.1,draft,"2.16.840.1.113883.4.642.3.168",Condition/DiagnosisSeverity,Condition/Diagnosis Severity,"Preferred value set for Condition/Diagnosis severity grading.","StructureDefinition/ConditionDiagnosticoLE","SCT"
http://hl7.org/fhir/ValueSet/condition-ver-status,4.0.1,draft,"2.16.840.1.113883.4.642.3.166",ConditionVerificationStatus,ConditionVerificationStatus,"The verification status to support or decline the clinical status of the condition or diagnosis.","StructureDefinition/ConditionDiagnosticoLE","THO"
http://hl7.org/fhir/ValueSet/observation-category,4.0.1,draft,"2.16.840.1.113883.4.642.3.403",ObservationCategoryCodes,Observation Category Codes,"Observation Category codes.","StructureDefinition/ObservationIndiceComorbilidadLE","THO"
http://hl7.org/fhir/ValueSet/observation-status,4.0.1,active,"2.16.840.1.113883.4.642.3.400",ObservationStatus,ObservationStatus,"Codes providing the status of an observation.","StructureDefinition/ObservationIndiceComorbilidadLE,StructureDefinition/ObservationDiscapacidadLE","hl7.fhir.r4.core"
https://hl7chile.cl/fhir/ig/clcore/ValueSet/CodPais,1.9.2,active,,CodPaises,Códigos de Países,"Codigos definidos para la identificación de países segun norma ISO3166-N","StructureDefinition/PaisOrigenMPI","hl7.fhir.cl.clcore"
https://hl7chile.cl/fhir/ig/clcore/ValueSet/VSTipoIdentificador,1.9.2,active,,VSTipoIdentificador,Tipo Identificador,"Tipo Identificador","StructureDefinition/PatientLE","hl7.fhir.cl.clcore"
https://interoperabilidad.minsal.cl/fhir/ig/tei/ValueSet/CodigoExamen,0.2.2,active,,CodigoExamen,Códigos de Examenes,"Codigos de Examenes","StructureDefinition/ObservationResultadoExamen,StructureDefinition/ServiceRequestExamenLE","LOINC"
https://interoperabilidad.minsal.cl/fhir/ig/tei/ValueSet/PueblosOriginariosVS,0.2.2,draft,,PueblosOriginariosVS,Pueblos Originarios de Chile,"Pueblos Originarios de Chile","StructureDefinition/PueblosOriginarios","Internal"
https://interoperabilidad.minsal.cl/fhir/ig/tei/ValueSet/TipoDeObservacion,0.2.2,active,,TipoDeObservacion,Tipo de Observación,"Estas son algunas de las observaciones que se pueden realizar en un encuentro, que permiten dar antecedentes a la interconsulta.","StructureDefinition/ObservationIndiceComorbilidadLE,StructureDefinition/ObservationAnamnesisLE,StructureDefinition/ObservationIniciarCuidadorLE,StructureDefinition/ObservationDiscapacidadLE","SCT,Internal,LOINC"
https://interoperabilidad.minsal.cl/fhir/ig/tei/ValueSet/VSConsecuenciaAtencionCodigo,0.2.2,active,,VSConsecuenciaAtencionCodigo,Consecuencia Atención Codigo,"Consecuencia Atención Codigo","StructureDefinition/ExtensionConsecuenciaAtencionCodigo","Internal"
https://interoperabilidad.minsal.cl/fhir/ig/tei/ValueSet/VSDerivadoParaCodigo,0.2.2,active,,VSDerivadoParaCodigo,Derivado Para,"Derivado Para","StructureDefinition/ServiceRequestLE","Internal"
https://interoperabilidad.minsal.cl/fhir/ig/tei/ValueSet/VSDestinoReferenciaCodigo,0.2.2,active,,VSDestinoReferenciaCodigo,Destino Referencia Codigo,"Destino Referencia Codigo","StructureDefinition/ServiceRequestLE","Internal"
https://interoperabilidad.minsal.cl/fhir/ig/tei/ValueSet/VSEspecialidadBioqca,0.2.2,active,,VSEspecialidadBioqca,Especialidades y Subespecialidades Bioquímicas,"Especialidades y Subespecialidades Bioquímicas","StructureDefinition/PractitionerProfesionalLE","Internal"
https://interoperabilidad.minsal.cl/fhir/ig/tei/ValueSet/VSEspecialidadFarma,0.2.2,active,,VSEspecialidadFarma,Especialidades Farmaceúticas o Química Farmaceúticas,"Especialidades Farmaceúticas o Química Farmaceúticas","StructureDefinition/PractitionerProfesionalLE","Internal"
https://interoperabilidad.minsal.cl/fhir/ig/tei/ValueSet/VSEspecialidadMed,0.2.2,active,,VSEspecialidadMed,EspecialidadMed,"EspecialidadMed","StructureDefinition/PractitionerProfesionalLE","Internal"
https://interoperabilidad.minsal.cl/fhir/ig/tei/ValueSet/VSEspecialidadOdont,0.2.2,active,,VSEspecialidadOdont,Especialidades Odontológicas,"Especialidades Odontológicas","StructureDefinition/PractitionerProfesionalLE","Internal"
https://interoperabilidad.minsal.cl/fhir/ig/tei/ValueSet/VSEstablecimientoDestino,0.2.2,active,,VSEstablecimientoDestino,Establecimiento Destino Codigo,"Establecimiento Destino Codigo ejemplos hechos en base a este documento con los [Códigos DEIS del establecimientos](https://datos.gob.cl/dataset/establecimientos-de-salud-vigentes)","StructureDefinition/OrganizationLE","Internal"
https://interoperabilidad.minsal.cl/fhir/ig/tei/ValueSet/VSEstadoCivil,0.2.2,active,,VSEstadoCivil,EstadoCivil,"EstadoCivil","StructureDefinition/PatientLE","Internal"
https://interoperabilidad.minsal.cl/fhir/ig/tei/ValueSet/VSEstadoInterconsulta,0.2.2,active,,VSEstadoInterconsulta,Estado Interconsulta,"Estado Interconsulta","StructureDefinition/ExtensionEstadoInterconsultaCodigoLE","Internal"
https://interoperabilidad.minsal.cl/fhir/ig/tei/ValueSet/VSIdentificadorPrestador,0.2.2,active,,VSIdentificadorPrestador,IdentificadorPrestador,"IdentificadorPrestador","StructureDefinition/PractitionerProfesionalLE,StructureDefinition/PractitionerAdministrativoLE","hl7.fhir.cl.clcore"
https://interoperabilidad.minsal.cl/fhir/ig/tei/ValueSet/VSIndicecomorbilidad,0.2.2,active,,VSIndicecomorbilidad,Indice Comorbilidad,"Indice Comorbilidad","StructureDefinition/ObservationIndiceComorbilidadLE","Internal"
https://interoperabilidad.minsal.cl/fhir/ig/tei/ValueSet/VSMediodeContacto,0.2.2,active,,VSMediodeContacto,Medio Notificación,"Medio Notificación","StructureDefinition/ExtensionMediodeContacto","Internal"
https://interoperabilidad.minsal.cl/fhir/ig/tei/ValueSet/VSModalidadAtencionCodigo,0.2.2,active,,VSModalidadAtencionCodigo,Modalidad Atencion Codigo,"Modalidad Atencion Codigo","StructureDefinition/ServiceRequestLE,StructureDefinition/EncounterIniciarLE,StructureDefinition/EncounterAtenderLE","Internal"
https://interoperabilidad.minsal.cl/fhir/ig/tei/ValueSet/VSMotivoCierreInterconsulta,0.2.2,active,,VSMotivoCierreInterconsulta,Motivo Cierre Interconsulta,"Motivo Cierre Interconsulta","StructureDefinition/ExtensionMotivoCierreInterconsulta","Internal"
https://interoperabilidad.minsal.cl/fhir/ig/tei/ValueSet/VSMotivoNoContactabilidad,0.2.2,active,,VSMotivoNoContactabilidad,Motivo No Contactabilidad,"Motivo No Contactabilidad","StructureDefinition/Contactado","Internal"
https://interoperabilidad.minsal.cl/fhir/ig/tei/ValueSet/VSMotivoNoPertinenciaCodigo,0.2.2,active,,VSMotivoNoPertinenciaCodigo,Motivo No Pertinencia Codigo,"Motivo No Pertinencia Codigo",,"Internal"
https://interoperabilidad.minsal.cl/fhir/ig/tei/ValueSet/VSPertinenciaInterconsulta,0.2.2,active,,VSPertinenciaInterconsulta,Pertinencia Interconsulta,"Pertinencia Interconsulta","StructureDefinition/ExtensionPertinenciaInterconsulta","Internal"
https://interoperabilidad.minsal.cl/fhir/ig/tei/ValueSet/VSPractitionerTipoRolLE,0.2.2,active,,VSPractitionerTipoRolLE,Rol de profesionales,"Rol de profesionales(Practitioner) en algún evento, durante la intercosulta.","StructureDefinition/PractitionerRoleLE","Internal"
https://interoperabilidad.minsal.cl/fhir/ig/tei/ValueSet/VSReligion,0.2.2,active,,VSReligion,Religion,"Religion","StructureDefinition/Religion","Internal"
https://interoperabilidad.minsal.cl/fhir/ig/tei/ValueSet/VSServicioRequerido,0.2.2,active,,VSServicioRequerido,Servicio Requerido,"Servicio Requerido","StructureDefinition/ServiceRequestLE","SCT"
https://interoperabilidad.minsal.cl/fhir/ig/tei/ValueSet/VSTerminologiasDiag,0.2.2,active,,VSTerminologiasDiag,TerminologiasDiag,"TerminologiasDiag","StructureDefinition/ConditionDiagnosticoLE","SCT,hl7.terminology.r4"
https://interoperabilidad.minsal.cl/fhir/ig/tei/ValueSet/VSTipoConsulta,0.2.2,active,,VSTipoConsulta,Tipo Consulta,"Tipo Consulta","StructureDefinition/EncounterAtenderLE","Internal"
https://interoperabilidad.minsal.cl/fhir/ig/tei/ValueSet/VSTipoEventoLE,0.2.2,active,,VSTipoEventoLE,Tipo de Evento,"Tipo de evento en la interconsulta","StructureDefinition/MessageHeaderLE","Internal"
https://interoperabilidad.minsal.cl/fhir/ig/tei/ValueSet/VSTituloProfesional,0.2.2,active,,VSTituloProfesional,TituloProfesional,"TituloProfesional","StructureDefinition/PractitionerProfesionalLE","Internal"
https://interoperabilidad.minsal.cl/fhir/ig/tei/ValueSet/VSorigenInterconsulta,0.2.2,active,,VSorigenInterconsulta,Origen Interconsulta,"Origen Interconsulta","StructureDefinition/ExtensionOrigenInterconsulta","Internal"
https://interoperabilidad.minsal.cl/fhir/ig/tei/ValueSet/VsEspecialidadDest,0.2.2,active,,VsEspecialidadDest,Especialidad de Destino,"Son todas las especialidades de destino de una interconsulta","StructureDefinition/ExtensionSubEspecialidadMedicaDestinoCodigo,StructureDefinition/ExtensionEspecialidadMedicaDestinoCodigo","Internal"
https://interoperabilidad.minsal.cl/fhir/ig/tei/ValueSet/vs-problema-ges-tei,0.2.2,active,,ProblemaSaludGESVS,Value Set de los Problemas de Salud  GES,"Set de valores utilizados para los problemas de salud ges",,"Internal"
